Name;Natural_Person
ONEOK Inc;0
Marcos Ferdinand Edralin;1
Miller Arthur;1
Unitrin Inc;0
Junge Traudl;1
Dauten Dale;1
United Technologies Corporation;0
Becker Carl;1
Meir Golda;1
Schröder Gerhard;1
Stallman Richard M;1
Milano Alyssa;1
Schneier Bruce;1
Hubbard Kin (Frank McKinney Hubbard);1
Quest Diagnostics Inc.;0
Mara Ratu Sir Kamisese;1
Bierce Ambrose;1
McQuaig Linda;1
Henry Patrick;1
Wyeth;0
Wilson Ron;1
MGIC Investment Corporation;0
Ochs Phil;1
Albom Mitch;1
Garrison William Lloyd;1
Broadwing, Inc.;0
Deutsch David;1
CMS Energy Corp.;0
Francis of Assisi;1
Primedia Inc;0
Eastwood Clint;1
Bailey Philip James;1
Peter Kiewit Sons', Inc.;0
Hammarskjöld Dag;1
Adams John Quincy;1
Precision Castparts Corp;0
Early Jubal Anderson;1
Laboratory Corporation of America Holdings;0
Hill Joe;1
Bevel Ken;1
Charles Schwab Corp.;0
Lehman John;1
Buchan John;1
Sagan Carl;1
Balzac Honoré de;1
CMGI Inc.;0
Gauss Carl Friedrich;1
Bagehot Walter;1
Schlüter Poul;1
Anne Princess Royal of the United Kingdom;1
Plimpton Martha;1
Boston Scientific Corporation;0
Buñuel Luis;1
Metals USA Inc.;0
Rumbold Richard;1
Akinola Peter Jasper (Archbishop);1
Oxford Health Plans Inc;0
Elagabalus;1
Bazin André;1
Berry Halle;1
Brand Max;1
Weis Markets Inc.;0
Paul Ron;1
SBC Communications Inc;0
Quantum Corp;0
Lovins Amory;1
Borges Jorge Luis;1
Geagea Samir;1
Corgan Billy;1
Gibson William Ford;1
Belo Corp.;0
Anixter International Inc.;0
Long Earl;1
Hoff Benjamin;1
Guitry Sacha;1
Marshall Thomas R.;1
Noble Energy Inc;0
Foster Wheeler Ltd.;0
National Service Industries Inc;0
Thomas Aquinas;1
Johnson Philip;1
Wellpoint Health Networks Inc;0
United Defense Industries Inc.;0
Cooley Mason;1
Kilmister Lemmy;1
Leiber Fritz;1
CaoCao;1
Marshall George;1
Rand Ayn;1
Poe Edgar Allan;1
Tzara Tristan;1
Thompson Dorothy;1
Duke Energy Corp;0
Colgate-Palmolive Co.;0
Travers P. L.;1
Abelson Hal;1
Delson Brad;1
Yashinsky Edward;1
Banknorth Group, Inc.;0
James Donald;1
Harman International Industries Inc.;0
Laplace Pierre-Simon;1
Mecham Evan;1
Doherty Peter;1
Wilson Flip;1
The Men's Wearhouse Inc.;0
Miller Alex;1
Raymond James Financial Inc.;0
Illinois Tool Works Inc.;0
Morris Mixmaster;1
Hobbes Thomas;1
Lovelace Richard;1
Baha'u'llah;1
Smith Adam;1
Tynan Kenneth;1
Jackson Robert H.;1
Humboldt Alexander von;1
Rilke Rainer Maria;1
Berne Eric;1
LeBlanc Romeo;1
Piraten Fritiof Nilsson;1
Dominus Mark-Jason;1
Silicon Graphics Inc;0
Badnarik Michael;1
Shaw George Bernard;1
Kurosawa Akira;1
Bolano Roberto;1
Negroponte Nicholas;1
Owsen Dan;1
Franti Michael;1
Whitehead Alfred North;1
Nicks Stevie;1
Sheck Barry;1
Karzai Hamid;1
Lithia Motors Inc.;0
Shelley Percy Bysshe;1
Gramsci Antonio;1
Bowie David;1
Consolidated Freightways Corp.;0
Browne Harry;1
Waste Management Inc;0
Washington Mutual Inc;0
Yutang Lin;1
Bausch & Lomb Incorporated;0
Niven Larry;1
George V King of England;1
Beck Glenn;1
Agena Keiko;1
Fox Virgil;1
Nailatikau Adi Koila;1
Yum Brands Inc.;0
Longfellow Henry Wadsworth;1
Ninio Jacques;1
Jackson Janet;1
Stewart Jon;1
Rockne Knute;1
Wm Wrigley Jr Company;0
National Rural Utilities Cooperative Finance Corporation;0
McClung Nellie;1
Jarry Alfred;1
Conrad Joseph;1
St. Jude Medical Inc;0
Voltaire;1
Haley Alex;1
Venturi Ken;1
Eggers Dave;1
Ventura Jesse;1
Lessing Doris;1
Occidental Petroleum Corp;0
Union Planters Corp;0
Griswold Alfred Whitney;1
Pirsig Robert M.;1
Brooks Mel;1
Armstrong Neil;1
Heraclitus;1
Gray Thomas;1
AutoNation, Inc.;0
Hyson Matt;1
Hennessey Ammon;1
General Electric Company;0
Ba Jin;1
CKE Restaurants Inc.;0
Bernhard Sandra;1
Palgrave Francis Turner;1
Crick Francis;1
New Jersey Resources Corporation;0
Knuth Donald;1
Lincoln Abraham;1
CNF Inc.;0
Singh Raman Pratap;1
E.W. Scripps Company;0
Bayly Thomas Haynes;1
Ashlag Yehuda;1
Scholastic Corp;0
Churchill Winston;1
Cavell Edith;1
Van Gogh Vincent;1
Wilder Thornton;1
Continental Airlines Inc.;0
Gill Eric;1
Tohei Koichi;1
Marquis Don;1
Manpower Inc.;0
Amiel Barbara;1
Johnson Samuel;1
Trotsky Leon;1
Western Digital Inc;0
Diebold Incorporated;0
Gundmundsdottir Bjork;1
Fuller Buckminster;1
Bryson Bill;1
DIMON Incorporated;0
Billings Josh;1
Hubbard L. Ron;1
Ace Hardware Corporation;0
Mumford Lewis;1
O'Donnell Rosie;1
Adams Samuel;1
Capital One Financial Corp.;0
Pinnacle West Capital Corp;0
Chambers Oswald;1
de Bono Edward;1
Ip Regina;1
Beverly Enterprises, Inc.;0
Bohr Niels;1
Pioneer-Standard Electronics Inc.;0
Perlis Alan;1
Fifth Third Bancorp;0
Bruce Lenny;1
Siebel Systems Inc;0
Gabriel Peter;1
Radner Gilda;1
Target Corp.;0
Brazauskas Algirdas;1
Schama Simon;1
Stewart James (Jimmy);1
ArvinMeritor, Inc.;0
Holmes Oliver Wendell Sr.;1
Li Bai;1
Kasparov Garry;1
Hutcheson Francis;1
Rothbard Murray;1
McCartney Paul;1
General Motors Corporation;0
Intel Corporation;0
Marley Bob;1
KeySpan Corp.;0
Einstein Albert;1
Fiske Irving;1
Webster Noah;1
Mercury General Corporation;0
Robert Half International Inc.;0
Ascham Roger;1
Iloilo Ratu Josefa;1
Clemenceau Georges;1
Rudner Rita;1
Serrano Miguel;1
Gangchuan Cao;1
Abbey Edward;1
Zeldin Theodore;1
Tzu Hsi;1
Crimmins Barry;1
Hayek Friedrich;1
Herzler Roger D;1
Sallust;1
NorthWestern Corporation;0
First Tennessee National Corp.;0
Guderian Heinz;1
Schultz Charles M.;1
Wilberforce William;1
Adobe Systems Incorporated;0
Granite Construction Incorporated;0
Kruger Barbara;1
Zola Emile;1
Tucker Gideon;1
Worthington Industries Inc;0
Connolly Cyril;1
Manson Charles;1
Cash Johnny;1
Klopstock Friedrich Gottlieb;1
Casey's General Stores Inc.;0
Saint-Exupéry Antoine de;1
IMC Global Inc.;0
Congreve William;1
Longs Drug Stores Corporation;0
Mulock Dinah Maria;1
Wolff Christian;1
Macaulay Thomas Babington;1
Rockefeller John D.;1
AMERCO;0
Kindred Healthcare Inc.;0
Zinck Kenneth;1
Lawrence Thomas Edward;1
Drake Nick;1
Butler Amir;1
U.S. Industries Inc.;0
Long Huey P.;1
Forest Laboratories Inc.;0
USFreighways Corporation;0
Blair Robert;1
Campbell Beatrice Stella (Mrs. Patrick Campbell);1
Wright Steven;1
Nero (Emperor);1
Debs Eugene V.;1
DiCaprio Leonardo;1
Carrel Alexis;1
Wordsworth William;1
Yourcenar Marguerite;1
Stokowski Leopold;1
Blanc Mel;1
Lam Research Corporation;0
Izzard Eddie;1
Bachelot Roselyne;1
Hegel Georg Friedrich Wilhelm;1
Merchant Natalie;1
StanCorp Financial Group Inc;0
Fulbright J. William;1
Johnson Boris;1
Ryland Group Inc.;0
Keeping Charles;1
Sierra Health Services Inc;0
Gallagher Fred;1
Hopper Grace;1
Aldrin Buzz;1
Pushkin Aleksandr (Alexander Pushkin);1
Pfizer Inc;0
Rees Nigel;1
M.D.C. Holdings Inc.;0
Hašek Jaroslav;1
Savitri Devi;1
A.G. Edwards Inc.;0
The MONY Group Inc.;0
Electronic Arts Inc.;0
Donaldson Stephen R.;1
Brecht Bertolt;1
Krishnamurthy Kalki (R. Krishnamurthy);1
Young Edward;1
Grey Zane;1
Babbage Charles;1
Erasmus;1
Federal Mogul Corp.;0
Kellogg Company;0
Tomlin Lily;1
Bergerac Cyrano de;1
Ross Stores Inc;0
Kusturica Emir;1
Malcolm X;1
Harvey Paul;1
King Carole;1
Weber David;1
Atmel Corporation;0
Cabell James Branch;1
Landstar System Inc.;0
Hewlett-Packard Company;0
Sharpton Al;1
Burlington Industries, Inc.;0
La Rochefoucauld François de;1
Eisenhower Dwight D.;1
Olson Ken;1
Boone Louis E.;1
MBNA Corporation;0
Ben-Gurion David;1
Fulghum Robert;1
Roux Joseph;1
King William;1
Crowley Aleister;1
Sutherland Kiefer;1
Kak Subhash;1
Exide Technologies;0
Goldsmith Oliver;1
American Water Works Company, Inc.;0
Barnes Jack;1
Frist Bill;1
Stanley Henry Morton;1
ExxonMobil Corporation;0
Feibig Jim;1
Wales Jimbo;1
Phillips Petroleum Co;0
Molière;1
Knapman Roger;1
Equity Residential Properties Trust;0
Milosz Ceslaw;1
Boethius Ancius;1
Gogol Nikolai Vasilievich;1
Au;1
Hovnanian Enterprises Inc.;0
Gurdjieff G. I.;1
Nicoll James;1
Cray Seymour;1
Carville James;1
Kimball International Inc.;0
L-3 Communications Holdings Inc.;0
Letterman David;1
Maharaji (Prem Rawat);1
K-Mart Corp.;0
Mead Margaret;1
Huckabee Mike;1
Montaigne Michel de;1
Coolidge Calvin;1
Shrivastava Mataji Nirmala;1
Smith Logan Pearsall;1
Insight Enterprises Inc.;0
Kline Kevin;1
Jackson Jesse;1
Percy Walker;1
Ciccone Madonna;1
Oppenheimer J. Robert;1
Gide André;1
Grellet Stephen;1
Booth William;1
Ruddick Corp;0
North Fork Bancorporation Inc;0
Bokini Ratu Ovini;1
McDonald's Corporation;0
Owens-Illinois Inc;0
WPS Resources Corporation;0
Child Julia;1
Perry Oliver Hazard;1
Rodriguez Alex;1
Le Corbusier;1
Schering-Plough Corp;0
Chavez Cesar;1
Mallet David (or David Malloch);1
Hussein Saddam;1
General Mills Inc;0
Munshi Premchand;1
Paterson Isabel;1
FleetBoston Financial Co.;0
Andric Ivo;1
Tenet Healthcare Corporation;0
National Fuel Gas Company;0
Wittgenstein Ludwig;1
Pacific Gas & Electric Corp.;0
Boretz Benjamin;1
Buzan Tony;1
Bracken Thomas;1
Smithfield Foods Inc;0
Marlowe Christopher;1
Michelangelo Buonarroti;1
Goethe Johann Wolfgang von;1
Qarase Laisenia;1
Bowles Ralston;1
Ecolab Inc.;0
Eliot Thomas Stearns;1
May Rollo;1
Lang Will Jr.;1
American Eagle Outfitters, Inc.;0
Hedberg Mitch;1
Crompton Corp.;0
Wendy's International Inc;0
Clapton Eric;1
Huxley Thomas Henry;1
Raleigh Sir Walter;1
Grove Andy;1
3Com Corp;0
Kepa Ro Teimumu;1
KPMG Consulting Inc.;0
Sprint Corp.;0
Covington Stephen;1
"Halsey William ""Bull""";1
Adolph Coors Company;0
Ball Hugo;1
AFLAC Incorporated;0
Dillard's Inc.;0
R.J. Reynolds Tobacco Company;0
Flowserv Corp;0
Estee Lauder Companies Inc.;0
Daniels Anthony;1
Gandhi Mahatma;1
King Martin Luther;1
Anderson Beth;1
Smith Kevin;1
Acterna Corp.;0
Foxworthy Jeff;1
de la Rocha Zack;1
Blake William;1
Sarven Allen;1
James C. L. R.;1
Gemayel Solange;1
Grant Ulysses S.;1
Gilbert W. S.;1
Jäätteenmäki Anneli;1
Johnson Lyndon;1
O’Shaughnessy Arthur;1
Kurtz Scott R.;1
Osbourne Ozzy;1
Hawking Stephen;1
The Allstate Corporation;0
Dangerfield Rodney;1
Pinker Steven;1
Washington Post Co.;0
Payack Paul JJ;1
Watterson Bill;1
Burns Edward;1
Jones John Paul;1
Autoliv, Inc.;0
Bakunin Mikhail;1
Williams Sonoma Inc;0
Toynbee Arnold;1
Paccar Inc;0
RoadwayCorp;0
Castro Fidel;1
Buffett Warren;1
The Boeing Company;0
Conlon Fred;1
The LTV Corporation;0
Ritter Scott´;1
Adams Douglas;1
Diderot Denis;1
Bibesco Princess Elizabeth;1
Kroger Co.;0
Galbraith John Kenneth;1
Dobson James;1
Hurston Zora Neale;1
Chapman Colin;1
National City Corp.;0
Echols Damien;1
Krieger Robbie;1
Dijkstra Edsger;1
Farage Nigel;1
Reid Harry;1
AutoZone, Inc.;0
Nordstrom Inc;0
Honda Soichiro;1
Omnicom Group;0
Charming Shoppes Inc.;0
Markel Corporation;0
Herbert George;1
Kalam APJ Abdul;1
Rushton Willie;1
Regis Corporation;0
Cummings E. E.;1
Mises Ludwig von;1
Heller Joseph;1
Ogi Adolf;1
Budget Group, Inc.;0
Ustinov Peter;1
Bogart Neil;1
Stratford Lord (Tony Banks);1
Kruk John;1
Wakenhut Corporation;0
Kael Pauline;1
Ace Jane;1
Didion Joan;1
NVR Inc;0
Owens & Minor Inc.;0
Stroustrup Bjarne;1
Nightingale Florence;1
Dunst Kirsten;1
Copland Aaron;1
Collier Jeremy;1
Franzen Jonathan;1
Beecher Henry Ward;1
Wells Fargo & Company;0
Dow Jones & Company, Inc.;0
RGS Energy Group Inc;0
Louis VII King of France;1
Analog Devices, Inc.;0
Charles Ray;1
Nuwas Abu;1
NSTAR;0
Tannen Deborah;1
Moawad Nayla;1
Inge William Ralph;1
Carlson Tucker;1
Solzhenitsyn Alexander;1
Guber Peter;1
AT&T Corp.;0
Marie Antoinette;1
Conway Morris Simon;1
Northrop Grumman Corporation;0
Tesla Nikola;1
Kennedy Anthony;1
Sontag Susan;1
Al-Hallaj;1
Quintilian Marcus Fabius;1
Tech Data Corporation;0
Groening Matt;1
Gibran Khalil;1
Farmland Industries Inc.;0
Baum L. Frank;1
Fétis Joseph;1
Sequa Corp;0
Hofstadter Douglas;1
Franklin Resources Inc.;0
Smith Gordon;1
Delay Tom;1
Suzuka Shunryu;1
Collison Chris;1
Raskin Jef;1
Keller Helen;1
James Alice;1
McKesson Corporation;0
Throttle Ben;1
Weinberger David;1
Milacron Inc.;0
Dick Philip Kindred - a.k.a. PKD;1
Yockey Francis Parker;1
Banta Corporation;0
Cendant Corp;0
Great Lakes Chemical Corporation;0
Chrysostom John;1
Mann Horace;1
Berle Milton;1
Northwest Airlines Corp;0
Hathaway Sybil;1
Sherman William Tecumseh;1
Polański Roman;1
CVS Corp.;0
Sherwin-Williams Company;0
Cardinal Health Inc.;0
Jelinek Fred;1
King Coretta Scott;1
Koons Jeff;1
Owens Jesse;1
Ondrick William F.;1
Soros George;1
Mother Teresa (Agnes Gonxha Bojaxhi);1
Amaro Rolim;1
Perot Systems Corp;0
Sorkin Aaron;1
Chicago Judy;1
Jackson Andrew;1
Scotts Company;0
Snow Carrie;1
Augustine of Hippo;1
Cocteau Jean;1
Systemax Inc.;0
Carter Howard;1
Stevens Wallace;1
Allais Alphonse;1
Audiovox Corporation;0
Arkansas Best Corporation;0
Lohan Lindsay;1
Anheuser-Busch Companies, Inc.;0
Herschel John;1
Fawkes Guy;1
Brightpoint, Inc.;0
Wesley John;1
Oliver Robert T.;1
Allmerica Financial Corporation;0
Swinburne Charles Algernon;1
Khrushchev Nikita;1
Fisher Scientific International Inc.;0
Boileau-Despreaux Nicholas;1
Ball Corporation;0
Ali Muhammad;1
Gallo Vincent Actor;1
Level 3 Communications Inc.;0
Jones Orlando;1
Bergman Ingmar;1
Hull Bobby;1
Woodward Bob;1
Halme Tony;1
Patañjali;1
Courtney Leonard H. (Lord Courtney);1
Fiserv Inc.;0
BanksErnie;1
Kurti Nicholas;1
Cameron Kirk;1
Clinton Bill;1
Milligan Spike;1
James I of England;1
Vivekananda Swami;1
Burke Edmund;1
Janáček Leoš;1
LSI Logic Corporation;0
Roth Geneen;1
Kohl's Corp.;0
Dylan Bob;1
Todorov Tzvetan;1
"Yankovic ""Weird Al""";1
Beard Charles A.;1
Robinson Kim Stanley;1
Legg Mason Inc.;0
Aquinas Thomas;1
Virgil;1
Mies van der Rohe Ludwig;1
WGL Holdings Inc;0
Stryker Corp;0
LaHaye Tim;1
Coca-Cola Co.;0
Citizens Communications Co.;0
Standard Pacific Corp.;0
H&R Block Inc.;0
Moawad René;1
Hung William;1
Brown Elizabeth;1
Carroll Lewis;1
Eldredge Niles;1
TMP Worldwide Inc;0
Godwin Mike;1
Copernicus Nicolaus;1
Kennan George F.;1
Tavola Kaliopate;1
Gillette Company;0
DST Systems, Inc.;0
Schiller Friedrich von;1
ConAgra Foods Inc.;0
Union Pacific Corporation;0
AOL Time Warner Inc.;0
AmerisourceBergen Corporation;0
Pactiv Corp;0
Welles Orson;1
Weil Simone;1
Hume David;1
Warren Rick;1
Iacocca Lee;1
McNamara Robert;1
Exelon Corporation;0
Coleridge Samuel Taylor;1
Winchell April;1
Simonides of Ceos;1
Mitchell John;1
Kazantzakis Nikos;1
Gay John;1
Hoyle Fred;1
Young Cy;1
Buscaglia Leo;1
Adams Abigail;1
Batch Charlie;1
Cisco Systems Inc.;0
Bergman George E.;1
Szilard Leo;1
DeShannon Jackie;1
Green Matthew;1
Erikson Steven;1
Barnes Julian;1
Hamilton Gail;1
Thermo Electron Corporation;0
Koestler Arthur;1
Carey Sandra;1
Ovid;1
Rothschild Baron;1
Gothard Bill;1
Bach Richard;1
Paine Thomas;1
Tuibua Esala;1
Held John;1
Austin J. L.;1
Bennington Chester;1
Whirlpool Corporation;0
Blalock Jolene;1
Allen Steve;1
Howe Julia Ward;1
Karenga Ron;1
Kudlow Lawrence;1
American Financial Group, Inc.;0
Chaudhry Mahendra;1
Holt John;1
Hillary Edmund;1
Franklin Benjamin;1
Ocean Energy Inc;0
First American Financial Corp.;0
Ishihara Shintaro;1
Palahniuk Chuck;1
Abel Reuben;1
Hughes Supply Inc.;0
Marvell Andrew;1
Heilbrun Carolyn;1
Maslow Abraham;1
Crown Cork & Seal Co. Inc.;0
Walt Disney Co;0
TransMontaigne Inc;0
Ganilau Ratu Sir Penaia;1
Agway Inc.;0
The Black & Decker Corporation;0
Perger Andreas Paolo;1
Wal-Mart Stores Inc;0
Nailatikau Ratu Epeli Qaraninamu;1
Wisconsin Energy Corporation;0
Winchell Walter;1
Nortek Inc;0
Clarke Arthur C.;1
Beethoven Ludwig van;1
Mencken H. L.;1
Provident Financial Group;0
Daly Daniel;1
Keynes John Maynard;1
Cohen Leonard;1
Foley Mick;1
Coventry Health Care Inc.;0
Harley-Davidson Inc.;0
Dillard Annie;1
Forster E. M.;1
Atwood Margaret;1
Mullally Megan;1
France Anatole;1
Citigroup, Inc;0
Casanova Giacomo (Jacques Casanova de Seingal);1
Orwell George;1
More Hannah;1
Allston Aaron;1
Gates Bill;1
America West Holdings Corporation;0
Big Lots, Inc.;0
Byron Lord;1
Kaczynski Lech;1
de Raadt Theo;1
Han Shan;1
Honeywell International Inc.;0
Newell Rubbermaid Inc;0
Alexander the Great;1
Energizer Holdings Inc.;0
Burroughs John;1
Popular Inc;0
Pier 1 Imports Inc.;0
Tito Josip Broz;1
Aesop;1
Brennus;1
Mumpfield Susie;1
Ganilau Ratu Epeli;1
Douglass Frederick;1
Durbin Richard;1
Belloc Hilaire;1
Sitwell Edith;1
Brown Shoe Company, Inc.;0
Morales Evo;1
Eisenstein Ferdinand;1
Nelson Horatio;1
Carlisle Cos. Inc.;0
X Malcolm (Malcolm Little);1
Goldman Sachs Group Inc.;0
Knightley Keira;1
Hubbell Inc.;0
Kabir;1
Michael Jackson;1
Ferrell Will;1
Ashlag Baruch;1
Byrne David;1
Cringely Robert X.;1
URS Corporation;0
WESCO International Inc;0
Baez Joan;1
Adelphia Communications Corporation;0
Peres Shimon;1
Byrne Robert;1
Nextel Communications Inc;0
Kierkegaard Søren Aabye;1
CenturyTel Inc.;0
DPL Inc.;0
FMC Corp;0
Campbell Soup Co.;0
Williams Roger;1
Pathmark Stores Inc.;0
Goodman Ellen;1
Gilder George;1
Marx Karl;1
Deluxe Corporation;0
Equifax Inc.;0
Beckett Samuel;1
Dell Computer Corporation;0
Noam Eli;1
Louisiana-Pacific Corporation;0
Costco Wholesale Corp.;0
Hawthorne Nathaniel;1
Wylie Philip;1
Najimy Kathy;1
Publix Super Markets Inc.;0
Machiavelli Niccolo;1
Nvidia Corp;0
Ortiz David;1
Dominion Resources, Inc.;0
Carducci Giosue;1
Niebuhr Reinhold;1
Baker Hughes Incorporated;0
Raytheon Company;0
Roosevelt Franklin Delano;1
White E. B. (Elwyn Brooks);1
Texas Industries Inc.;0
London Jack;1
Hesse Hermann;1
GenCorp Inc.;0
Chesterton Gilbert Keith;1
Domeyko Ignacy;1
Jong Erica;1
Mountbatten Louis;1
Perini Corp;0
Lubbock John;1
Ryerson Tull Inc;0
Peguy Charles;1
Delta Air Lines Inc.;0
al-Sahaf Muhammed Saeed;1
Olin Corp.;0
Keel John;1
Reader's Digest Association Inc.;0
Calpine Corp.;0
Antoniou Laura;1
Jobs Steve;1
Miller Henry;1
Merrill Lynch & Co. Inc.;0
NCR Corporation;0
Leonard Elmore;1
Kesey Ken;1
MacGregor Robert Roy;1
Marie Queen of Romania;1
CBRL Group Inc.;0
Wolfowitz Paul;1
Jefferson-Pilot Co.;0
Ferguson Miriam;1
Santayana George;1
Cabot Corp;0
Payless Shoesource Inc;0
Toys 'R' Us Inc;0
Russell Bertrand;1
Dynegy Inc.;0
Navistar International Corporation;0
Quanta Services Inc.;0
Juyi Bai;1
Health Net Inc.;0
Schweitzer Albert;1
Sartre Jean-Paul;1
Pep Boys Manny, Moe & Jack;0
Quarles Francis;1
Yeltsin Boris;1
Harper Stephen;1
Birrell Augustine;1
Williams Tennessee;1
Harris William Torrey;1
Cortázar Julio;1
Minow Newton N.;1
Constellation Brands Inc.;0
Carlyle Thomas;1
Wall Larry;1
International Business Machines Corp.;0
Vosanibola Josefa;1
Michener James;1
D.R. Horton Inc.;0
Martin Steve;1
Cooper Industries Ltd.;0
Craik Dinah;1
Plath Sylvia;1
Berio Luciano;1
Oglethorpe Power Corp.;0
Wyden Ron;1
Eminem;1
Göring Hermann;1
Baden-Powell Sir Robert (B-P);1
Progressive Corporation;0
Corning Inc.;0
Rabelais François;1
Crockett Davy;1
Kulongoski Ted;1
Steinbeck John;1
Telephone & Data Systems Inc;0
Miller Bode;1
Kant Immanuel;1
William I King of England;1
Saki;1
Davis Bette;1
Cantona Eric;1
Sealed Air Corp;0
Limited Inc.;0
ALLTEL Corporation;0
John Hancock Financial Services Inc.;0
Khomeini Ruhollah;1
Stoner Jr. James R.;1
Plains All American Pipeline LP;0
Staff Leasing Inc.;0
Trump Donald;1
Clay Henry;1
Fitzgerald Patrick;1
American International Group, Inc.;0
Matthews Dave;1
Thatcher Margaret;1
Postel Jon;1
Gaultier Jules de;1
Yanni;1
Sedgwick John;1
3M Company;0
Paige Satchel;1
Truman Harry S.;1
Avery Dennison Corporation;0
Loo Tristan J.;1
Lu Xun;1
Echostar Communications Corporation;0
Nukem Duke;1
Melua Katie;1
Jolie Angelina;1
Roosevelt Eleanor;1
Choate Rufus;1
Adams John;1
Benjamin Walter;1
Browning Robert;1
Questar Corp;0
Halliburton Co.;0
Rite Aid Corp;0
Banks Tony (Lord Stratford);1
Martin John;1
Avnet, Inc.;0
Nader Ralph;1
Bräutigam Deborah;1
Baker Jack;1
Alexie Sherman;1
Danaher Corporation;0
Lyons Steve;1
Paul VI (Pope);1
Stein Ben;1
Bangs Lester;1
Waitley Denis;1
MPS Group Inc.;0
Stone W. Clement;1
Truth Sojourner;1
Mill John Stuart;1
Ludwig Arnold M.;1
Farmer Frances;1
Dreiser Theodore;1
Calvin John;1
The Goodyear Tire & Rubber Company;0
Morgan Stanley Dean Witter & Co.;0
Cohen Catman;1
"Malda Rob ""CmdrTaco""";1
Sukuna Ratu Sir Lala;1
Maugham William Somerset;1
Graybar Electric Company Inc.;0
Martial;1
United Auto Group Inc;0
Depew Chauncey;1
Alberti Leone Battista;1
Seldes George;1
Pro-Fac Cooperative Inc.;0
Fishback Margaret;1
Hopkins Gerard Manley;1
Bonner Elena;1
Interstate Bakeries Corporation;0
Williams Ted;1
Epictetus;1
WorldCom Inc;0
Tutu Desmond;1
First Data Corp.;0
Wozniak Steve;1
Šustauskas Vytautas;1
Entergy Corporation;0
House Jinnah;1
Brown Alton;1
Thurber James;1
Gladstone William Ewart;1
Electronic Data Systems Corp.;0
Nostradamus (Michel de Notredame or Michel de Nostredame);1
Laurel Stan;1
Park Place Entertainment Corp;0
Fakes Dennis;1
Hillenbrand Industries Inc.;0
Saint-Just Louis de;1
Heywood John;1
Carnegie Andrew;1
Herbert Zbigniew;1
Hart Owen;1
OGE Energy Corp;0
Feingold Russ;1
Buck Pearl;1
Express Scripts Inc.;0
Colten James;1
Peirce Charles Sanders;1
Bolívar Simón;1
Concord EFS Inc.;0
Spence Gerry;1
Spock Benjamin;1
Allied Waste Industries, Inc.;0
The AES Corporation;0
Andersen Hans Christian;1
Armstrong Holdings, Inc.;0
Luxemburg Rosa;1
Cornstalk;1
Fleming Companies Inc.;0
Winter William;1
Pennzoil-Quaker State Company;0
Travaglia Simon;1
Philip Duke of Edinburgh;1
Geronimo;1
Apple Fiona;1
Seigle Lucy;1
US Oncology Inc;0
Devine Carl;1
Deng Xiaoping;1
Imperial Sugar Company;0
National Commerce Financial Corporation;0
Braine John;1
Alliant Energy Corporation;0
Great Plains Energy Inc.;0
Sempra Energy;0
DTE Energy Co.;0
Limbaugh Rush;1
Verizon Communications Inc;0
Genzyme Corporation;0
Hubbard Elbert;1
Family Dollar Stores Inc.;0
Broun Heywood;1
Marcus Aurelius;1
Brackett Joseph;1
Gygax Gary;1
Keats John;1
Marsh Supermarkets Inc.;0
Delphi Corp.;0
Dickinson Emily;1
McAuliffe Anthony;1
Circuit City Stores Inc.;0
Muir John;1
Spielberg Steven;1
Wagner Jane;1
American Electric Power Company, Inc.;0
Angelou Maya;1
Kingsolver Barbara;1
Lennox International Inc.;0
Hayes Helen;1
Heifetz Jascha;1
Simon Property Group Inc;0
Charles II King of England;1
Nijinsky Vaslav;1
Feynman Richard;1
Maxxam Inc.;0
Ameren Corporation;0
Encompass Services Corporation;0
Unisource Energy Corp;0
Advance Auto Parts, Inc.;0
Juárez Benito;1
Schopenhauer Arthur;1
Expeditors International of Washington Inc.;0
Gentiva Health Services Inc.;0
Watsco Inc;0
Henry Matthew;1
Hormel Foods Corp.;0
Stein Herbert;1
Cooper Alice;1
Ramirez Manny;1
Beckman Coulter, Inc.;0
Archer Daniels Midland Company;0
Supervalu Inc;0
Penn Traffic Co.;0
Briggs Joe Bob;1
Edwards John;1
Unocal Corporation;0
M & T Bank Corporation;0
Castaneda Carlos;1
Solutia Inc;0
Moran Dylan;1
Chapin Harry;1
Khan Hafiz;1
James Henry;1
Marconi Guglielmo;1
Wilson Brian;1
Crumb Robert;1
Unova Inc;0
Jefferson Thomas;1
Zacharek Stephanie;1
Wilde Oscar;1
Emerson Electric Co.;0
Jonson Ben;1
Hikmet Nazim;1
Huxley Julian;1
West Morris;1
Leary Timothy;1
Teresa of Avila (Teresa de Jesús);1
Sathya Sai Baba;1
Brinker International, Inc.;0
Kelly Walt;1
Praxair Inc;0
Boise Cascade Corporation;0
"Tweed William Marcy (""Boss"")";1
Reich Wilhelm;1
Trudeau Pierre;1
Symbol Technologies Inc;0
Matisse Henri;1
Purcell Steve;1
Corea Vernon;1
Copeland Stewart;1
Phar Mor Inc.;0
Phillips Van Heusen Corp.;0
Jillette Penn;1
Kinski Klaus;1
McCormick & Company Incorporated;0
Intuit Inc.;0
Farjeon Eleanor;1
Agnew Spiro;1
Potlatch Corp;0
Jerky Boys;1
Perle Richard;1
St. Paul Cos.;0
Gateway Inc.;0
Handy Charles;1
Microsoft Corporation;0
Alba Jessica;1
Radio Shack Corporation;0
CSK Auto Corp.;0
Black Elk;1
Kilroy-Silk Robert;1
Dawkins Richard;1
York International Corp;0
Banhart Devendra;1
Amis Martin;1
Stone Lucy;1
Zimmermann Philip;1
Delacroix Eugène;1
Puget Energy Inc.;0
Wilson (Thomas) Woodrow;1
Dana Corporation;0
Shedd John;1
Nash Finch Company;0
Malraux André;1
Brilliant Ashleigh;1
Kerry Teresa Heinz;1
Kissinger Henry;1
Dun & Bradstreet Inc.;0
Capone Al;1
Fischer Joschka;1
Henry VIII;1
Hain Peter;1
ABM Industries Incorporated;0
Albertson's, Inc.;0
Sun Healthcare Group Inc.;0
World Fuel Services Corporation;0
Procter & Gamble Co.;0
Barrie J. M.;1
AK Steel Holding Corporation;0
IMS Health Inc.;0
Lewis Jenny;1
Gaudi Antonio;1
Esposito Phil;1
Sun Tzu;1
Georgia-Pacific Corporation;0
Pride International Inc;0
Seagal Steven;1
Hirsch Mary;1
Rice Condoleezza;1
Jennings Peter;1
Mao Zedong;1
Elizabeth the Queen Mother;1
Everett Carl;1
Fairchild Semiconductor International Inc.;0
Baddiel David;1
TXU Corp;0
Coca-Cola Enterprises Inc.;0
Cromwell Oliver;1
Household International Corp.;0
Washington George;1
Comdisco Inc.;0
Wallace Computer Services Inc;0
Hemingway Ernest;1
Greif Bros. Corporation;0
Genuine Parts Company;0
Pratchett Terry;1
American Express Company;0
Bowen Elizabeth;1
Cowper William;1
Ogilvy David;1
Walker Murray;1
Blood Rebecca;1
Vance Jack;1
Hill Napoleon;1
Bell Alexander Graham;1
Franks Tommy;1
Pieper Josef;1
Harold II Godwinson King of England;1
Ames Department Stores, Inc.;0
Engelke Anke;1
Friedman Kinky;1
Piper Roddy;1
Barker Clive;1
Hershey Foods Corp.;0
Friedman Milton;1
Nunally. Patrick;1
E.I. Du Pont de Nemours and Company;0
Lec Stanislaw Jerzy;1
Fermi Enrico;1
Doyle Arthur Conan;1
Pitney Bowes Inc.;0
Eban Abba;1
Foamex International Inc;0
Centex Corp.;0
Bavadra Timoci;1
Crace Jim;1
SouthTrust Corp.;0
Bradley Omar;1
Airgas, Inc.;0
Obama Barack;1
Malley Matt;1
Aiken Conrad;1
Hitler Adolf;1
Cytec Industries Inc.;0
Ruskin John;1
Eastman Chemical Company;0
ChevronTexaco Corp.;0
Brown-Forman Corporation;0
Ellington Duke;1
Lovecraft H. P.;1
Bank One Corporation;0
KeyCorp;0
Stewart & Stevenson Services Inc;0
Syrus Publilius;1
Mills C. Wright;1
Luther Martin;1
Walgreen Co;0
Ali Tariq;1
Lear Edward;1
McKennitt Loreena;1
Viad Corp;0
Arbuthnot John;1
Whitman Walt;1
Feldman Morton;1
Tolkien J. R. R.;1
Flynt Larry;1
Furniture Brands International Inc.;0
Burlington Coat Factory Warehouse Corporation;0
Maxtor Corporation;0
Teilhard de Chardin Pierre;1
Cosby Bill;1
Smith International Inc;0
McLeodUSA Incorporated;0
Hawaiian Electric Industries Inc.;0
Grudin Robert;1
Cavett Dick;1
Gaulle Charles de;1
Tesoro Petroleum Corp.;0
Ueshiba Morihei;1
Branden Nathaniel;1
ADC Telecommunications, Inc.;0
Stowe Madeleine;1
Belk, Inc.;0
Bujold Lois McMaster;1
Amos Tori;1
Huelskamp Tim;1
Zorba The Greek;1
Wilson Eugene S.;1
Temple-Inland Inc;0
Carlin George;1
Kovacs Ernie;1
Rosing Wayne;1
Mirant Corporation;0
Moore Tim;1
Disraeli Benjamin;1
Revlon Inc;0
Torre Joe;1
Fischer Bobby;1
Quisenberry Dan;1
Blanc Raymond;1
Dogg Snoop;1
Fonteyn Margot;1
Addams Jane;1
Gerety Frances;1
Lloyd Seth;1
Cain Peter;1
Swindoll Charles;1
Adams Scott;1
Tchaikovsky Pyotr Ilyich;1
Ray James Arthur;1
Watson Thomas J.;1
National Semiconductor Corporation;0
Payne Max;1
Frost Robert;1
Haldeman Joe;1
Poincaré Henri;1
Ionesco Eugene;1
Olsen Mary-Kate and Ashley;1
Palin Michael;1
Ecclestone Bernie;1
Durante Jimmy;1
Corey Peter;1
Hathaway Anne;1
Butler Sloss Dame Elizabeth;1
Box George E. P.;1
Ahern Bertie;1
Automatic Data Processing, Inc.;0
Jack In The Box Inc.;0
The Rock;1
Agilent Technologies, Inc.;0
Waugh Evelyn;1
Hibiki Dan;1
ARAMARK Corporation;0
White T. H. (Terence Hanbury);1
Constellation Emergy Group Inc.;0
Machado Antonio;1
Franck Richard;1
Starwood Hotels & Resorts Worldwide Inc;0
Durrell Gerald;1
Morley Christopher;1
Dolphy Eric;1
Nike Inc;0
Lynch Peter;1
Douglas Kirk;1
Starr Ringo;1
Hon Industries Inc.;0
Paychex Inc;0
Owens Corning;0
Phoenix Companies Inc;0
Walberg Tim;1
Walken Christopher;1
Tektronix Inc;0
Liebling A. J.;1
Men Alexander;1
Cioran Emile;1
Gallagher (Leo Anthony Gallagher);1
Coltrane John;1
YamamotoIsoroku;1
Reeve Christopher;1
Simon Paul;1
Golden State Bancorp Inc.;0
Fromm Erich;1
Roth Philip;1
Aldiss Brian;1
Stanton Elizabeth Cady;1
Mortimer John;1
Bonaparte Napoleon;1
Lane Nathan;1
Hamilton Alexander;1
George III King of England;1
Fuller Margaret;1
Bracken Peg;1
Kawabata Yasunari;1
Burns Robert;1
Toro Company;0
Holderlin Friedrich;1
Handy W. C.;1
Dyer Wayne;1
Dole Food Company, Inc.;0
Leung Graeme;1
Polaris Industries Inc.;0
Marathon Oil Corporation;0
Naidu Richard;1
Borders Group, Inc.;0
Robinson Jackie;1
Wilber Ken;1
Seaboard Corp;0
Hunt J. McV.;1
Cummins Inc.;0
Arch Coal, Inc.;0
Reagan Nancy;1
Ibsen Henrik;1
Philips Emo;1
Daley Richard J.;1
Beazer Homes USA, Inc.;0
Parton Dolly;1
Keating Paul;1
Fellini Federico;1
Ray Gene;1
Di Giorgio Corporation;0
Thucydides;1
Computer Sciences Corp.;0
Brontë Emily;1
Martin Paul;1
Bent Silas;1
AmSouth Bancorp.;0
Wallace Alan;1
Alcuin;1
Brunswick Corporation;0
Lewis Sinclair;1
Ehrlich Paul R.;1
Adler Alfred;1
Brodsky Joseph;1
MGM Mirage;0
Dali Salvador;1
Jones Apparel Group Inc.;0
Looney General William;1
Pater Walter;1
Mail-Well Inc.;0
Hasbro Inc.;0
Sábato Ernesto;1
Galtieri Leopoldo;1
Micron Technology Inc.;0
MasTec Inc.;0
McLuhan Marshall;1
McCarthy Eugene;1
Smollett Tobias;1
Eluard Paul;1
Traficant James A. Jr.;1
Bono;1
Alcoa Inc.;0
Anthony Piers;1
Office Depot Inc.;0
Barbauld Anna Letitia;1
Wells H. G. (Herbert George);1
Hub Group Inc.;0
Applera Corporation;0
Butler Samuel (1612-1680);1
Valspar Corporation;0
Energy East Corporation;0
Crane Stephen;1
Leverson Ada;1
Administaff, Inc.;0
Leo X (Pope);1
Unified Western Grocers Inc;0
West Mae;1
Clancy Tom;1
Abbott Laboratories;0
Hitchcock Alfred;1
Devo musical group;1
Juvenal;1
Apache Corporation;0
Myatt David;1
Bush Kate;1
de Mello Anthony;1
Hewitt Hugh;1
Washington Martha;1
Caterpillar Inc.;0
PNM Resources Inc;0
Masco Corporation;0
USA Interactive;0
Qwest Communications Intl Inc;0
Tecumseh Products Company;0
Francona Terry;1
Michaels Stores Inc.;0
KhanGenghis;1
John Paul II (Pope);1
TRW Inc;0
Hoover Herbert;1
First National of Nebraska Inc.;0
Ferro Corp.;0
PSS World Medical Inc;0
Lott Trent;1
Southerne Thomas;1
Benchley Robert;1
Carolla Adam;1
Carpenter Technology Corp.;0
EGL Inc.;0
Epicurus;1
Hendrix Jimi;1
Keyes Alan;1
Krieger Lou;1
Universal Forest Products Inc;0
Navakasuasua Maciu;1
Archimedes;1
King Stephen;1
Johns Michael;1
Cenex Harvest States Cooperatives;0
Rimbaud Arthur;1
Buonarroti Michelangelo;1
Itoi Shigesato;1
Barwich Heinz;1
Borlaug Norman;1
Burnham Daniel;1
Martell Yann;1
Lowell Christopher;1
Commercial Metals Co.;0
Charter One Financial Inc.;0
Rockwell Automation Inc;0
Volt Information Sciences Inc;0
Rutherford Ernest;1
Molex Incorporated;0
Tower Automotive Inc.;0
Araya Tom;1
Universal Corporation;0
Kawohl Kurt;1
Motorola Inc.;0
Martí José;1
Avon Products, Inc.;0
Trans World Entertainment Corp.;0
Ceridian Corp.;0
Tolstoy Leo;1
Hillel the Elder;1
Silgan Holdings Inc.;0
Trump Hotels & Casino Resorts Inc.;0
Commager Henry Steele;1
Sunoco Inc.;0
Goering Hermann;1
McGuire Al;1
General Cable Corporation;0
Carrey Jim;1
Chateaubriand François-René de;1
PETsMART Inc;0
Greene Graham;1
Judd Ashley;1
Young Tyler Shell;1
D&K Healthcare Resources, Inc.;0
Mahavira;1
Huxley Aldous;1
Callaghan James;1
Avenue D;1
Liz Claiborne Inc.;0
Rabuka Sitiveni;1
Kapuściński Ryszard;1
Ahbez Eden;1
Miyamoto Musashi;1
Quale Anthony;1
Koop C. Everett;1
Gemstar-TV Guide International Inc.;0
Antunes António Lobo;1
Banks Robert;1
Nash Thomas;1
Braun Wernher von;1
Kilmer Joyce;1
Oliver Jamie;1
Capote Truman;1
Griswold Erwin;1
Spolsky Joel;1
Comfort Systems USA Inc.;0
Chaplin Charlie (Sir Charles Spencer Chaplin);1
Siegel Jerry;1
Berry Wendell;1
XO Communications Inc;0
Dumas Alexandre;1
Clough Brian;1
Dean John;1
Simpson Jack;1
Clear Channel Communications Inc.;0
Colson Charles;1
IT Group Inc.;0
Williams Companies Inc;0
Vulcan Materials Company;0
Bombeck Erma;1
Walesa Lech;1
Metaldyne Corporation;0
Sanger Margaret;1
Sixtus V (pope);1
Lasorda Tommy;1
Munro Alice;1
Jarmo Visakorpi;1
BMC Software, Inc.;0
TECO Energy Inc;0
Erdös Paul;1
Marsh & McLennan Companies Inc.;0
Foster Sir Robert Sidney;1
Dow Chemical Company;0
Pepsi Bottling Group Inc.;0
Galilei Galileo;1
Berkshire Hathaway Inc.;0
Apartment Investment and Management Company;0
Joplin Janis;1
Williamson Henry;1
Schaar John;1
Varco International Inc;0
Burton Sir Richard Francis;1
Sellers Peter;1
Outback Steakhouse Inc.;0
Marshall Joshua Micah;1
Nugent Ted;1
Foch Ferdinand;1
Nin Anaïs Nin;1
Washington Booker T.;1
Nabokov Vladimir;1
Allen Woody;1
Weyerhauser Company;0
Clinton Hillary;1
Alleghany Corporation;0
Carey Mariah;1
Champion Enterprises Inc.;0
Singh Sir Vijay;1
Saks Inc;0
McGill Bryant;1
Goldman Emma;1
Anadarko Petroleum Corporation;0
Nash John Forbes;1
Waits Tom;1
Robespierre Maximilien;1
Auden Wystan Hugh;1
Cooper Cameron Corp.;0
Butler Samuel (1835-1902);1
Spears Britney;1
Kurtz Katherine;1
Edwards Edwin W.;1
Zions Bancorporation;0
Footstar Inc.;0
Browne Sir Thomas;1
Humana Inc.;0
Butler Smedley;1
Collett Camilla;1
Quayle Dan;1
Mellon Financial Corporation;0
Conoco Inc;0
Biden Joseph;1
Compuware Corp.;0
Leacock Stephen;1
Pharmacia Corp;0
Parker Dorothy;1
Cameron Julia;1
Kemet Corp.;0
Austin Stone Cold Steve;1
Oracle Corp;0
Tellabs Inc.;0
Thomson William - a.k.a. Lord Kelvin;1
Dreyer's Grand Ice Cream, Inc.;0
Hendrie Phil;1
ElBaradei Mohamed;1
Hellman Lillian;1
Cunningham Allan;1
McCain John;1
Rascoe Burton;1
Livermore Jesse Lauriston;1
Ford Henry;1
Julian (Emperor);1
Midler Bette;1
Ba;1
Kundera Milan;1
Smith Elliott;1
Wachovia Corporation;0
Genuity Inc.;0
Sysco Corp;0
Gardel Carlos;1
Lee Bruce;1
Derrida Jacques;1
Blanchett Cate;1
Piaget Jean;1
Holmes Oliver Wendell Jr.;1
Fox George;1
Rockwell Collins Inc;0
Sowell Thomas;1
ITT Industries Inc.;0
IDT Corporation;0
Thoreau Henry David;1
Julian of Norwich;1
Scana Corp.;0
Allegheny Technologies Incorporated;0
Oshkosh Truck Corp;0
Hába Alois;1
Mero Rena;1
Springsteen Bruce;1
Pascal Blaise;1
Alaska Air Group, Inc.;0
Heinlein Robert A.;1
H.B. Fuller Company;0
Catt Michael;1
Winn Dixie Stores Inc;0
Hoffer Eric;1
Dyson Freeman;1
Baillie Bruce;1
Kennametal Inc.;0
Goldberg Jonah;1
Ohio Casualty Corp.;0
MeadWestvaco Corporation;0
Friedman Nat;1
Matarazzo Francesco;1
Scientific-Atlanta Inc;0
PerkinElmer Inc;0
Joseph Chief;1
Elizabeth II of England;1
Icke David;1
Barry Marion;1
Slick Grace;1
SCI Systems Onc.;0
Mugabe Robert;1
Knebel Fletcher;1
Bentsen Lloyd;1
Omnicare Inc;0
Pilgrim's Pride Corporation;0
Milton John;1
Eckhart Meister;1
Stevenson Robert Louis;1
Lear Corporation;0
Huffington Arianna;1
Sobran Joseph;1
Petty Tom;1
Brautigan Richard;1
Federated Department Stores Inc.;0
Harsco Corp.;0
Bennett William Andrew Cicil;1
UST Inc;0
Freud Sigmund;1
Tiffany & Co;0
Kornheiser Tony;1
Pauling Linus;1
Smith Joseph;1
Braque Georges;1
Overbury Thomas;1
Caucau Adi Asenaca;1
Hepburn Audrey;1
Eliot George;1
Noli Fan;1
Berger Ric;1
O'Brien Conan;1
Lastman Mel;1
LandAmerica Financial Group Inc.;0
Rexroth Kenneth;1
Rousseau Jean-Jacques;1
de Molay Jacques;1
Winfrey Oprah;1
MDU Resources Group Inc.;0
Hicks Bill;1
Quine Willard van Orman;1
Goldwater Barry;1
Asimov Isaac;1
Allegheny Energy, Inc.;0
Darden Restaurants Inc.;0
Gagarin Yuri;1
Applied Industrial Technologies, Inc.;0
Qin Shi Huang;1
Steinem Gloria;1
Davisson Richard;1
Niranjan Sangeeta;1
Hayden Teresa Nielson;1
Kennedy John F.;1
Aeschylus;1
Hull Cordell;1
Fowler Gene;1
Mozart Wolfgang Amadeus;1
UnitedHealth Group Incorporated;0
Southern Union Company;0
Montesquieu Charles de;1
Confucius;1
Magee Bryan;1
Novalis;1
Wilson Robert Anton;1
Guidant Corporation;0
Cook Peter;1
Lockheed Martin Corporation;0
Hedges Chris;1
Stein Mart Inc;0
Crowfoot;1
Winner Michael;1
Yeats William Butler;1
PepsiAmericas Inc.;0
Cox Communications Inc.;0
Advantica Restaurant Group, Inc.;0
The Lubrizol Corporation;0
Burlington Northern Santa Fe Corporation;0
Cicero;1
Bowerman Bill;1
Miller Ron;1
Bune Poseci;1
Seuss Dr.;1
Safeco Corp;0
Cowley Abraham;1
Brown Sam;1
Housman A. E.;1
Swift Transportation, Co., Inc;0
BJ Services Company;0
Kennedy Edward;1
Stater Bros. Holdings Inc.;0
Grey Global Group Inc.;0
Donne John;1
Laurinkus Mečys;1
Gracián Baltasar;1
Shawcross Hartley;1
Eddington Arthur Stanley;1
Hollywood Entertainment Corp.;0
Galloway George;1
Page Larry;1
J.C. Penny Co.;0
Mohawk Industries Inc.;0
Baudelaire Charles;1
Hughes Charles Evans;1
DURA Automotive Systems Inc.;0
Malthus Thomas;1
Morrissey;1
Patton George S.;1
Gyllenhaal Jake;1
Catullus Gaius Valerius;1
San Martín José de;1
Varese Edgard;1
Buber Martin;1
Integrated Electrical Services Inc.;0
Golding William;1
Mandalay Resort Group;0
Gogh Vincent Willem Van;1
Becton, Dickinson and Company;0
Dirac Paul;1
Robbins Anthony;1
Golden West Financial Corporation;0
Brooks Gwendolyn;1
Reagan Ron;1
Benedict XVI (Pope);1
Solomon;1
UAL Corporation;0
Ford Harrison;1
J.B. Hunt Transport Services Inc.;0
Elizabeth I of England;1
John of the Cross;1
Harris Sam;1
Patrick Saint;1
Priestley Joseph;1
Godard Jean-Luc;1
Lavigne Avril;1
Jaffe Bob;1
Bainimarama Frank;1
Blair Tony;1
Lem Stanislaw;1
Chandler Raymond;1
OM Group Inc;0
Sparber Max;1
Cannon James P.;1
Hightower Jim;1
Marriott International Inc.;0
Lexmark International Inc.;0
International Paper Co.;0
Čapek Karel;1
Youngman Henny;1
White Reggie;1
Unamuno Miguel de;1
Lalabalavu Ratu Naiqama;1
Collins & Aikman Corp.;0
Colette;1
Moore Dudley;1
Blix Hans;1
Safeguard Scientifics Inc.;0
OfficeMax Inc;0
Enterprise Products Partners L.P.;0
Ripa Kelly;1
Johnson & Johnson;0
Gorky Maxim;1
Ransome Arthur;1
Biko Steve;1
Peter Dr. Laurence J.;1
Jeffers Robinson;1
Chiariglione Leonardo;1
NTL Incorporated;0
Munch Edvard;1
Drucker Peter F.;1
Compass Bancshares Inc;0
Friel Todd;1
Ganilau Adi Ateca;1
Giraudoux Jean;1
Rumi Jalal al-Din Muhammad;1
Shakur Tupac;1
ALLETE, Inc.;0
Duff Hilary;1
Northeast Utilities System;0
Gold Kist Inc.;0
Love Courtney;1
Service Corp. International;0
Austen Jane;1
PeopleSoft Inc;0
The McGraw-Hill Companies Inc.;0
Lincoln National Corporation;0
Dy;1
Amgen Inc.;0
Lands' End Inc.;0
Herodotus;1
Moore Michael;1
Hundertwasser Friedensreich;1
Maher Bill;1
On Semiconductor Corp;0
Zé Tom;1
Sulla Lucius Cornelius;1
Deere & Company;0
International Multifoods Corporation;0
Regions Financial Corp.;0
Ebadi Shirin;1
Dayan Moshe;1
Healthsouth Corp;0
Reisman George;1
Chanakya;1
Thant U;1
Atatürk Mustafa Kemal;1
Pittston Brinks Group;0
Unisys Corporation;0
DeWolfe Ron (born L. Ron Hubbard Jr.);1
Vishay Intertechnology Inc;0
Zale Corporation;0
Nietzsche Friedrich;1
Louis Joe;1
Fosdick Harry Emerson;1
Hilton Hotels Corp.;0
Brown Earle;1
DynCorp;0
Anderson Sparky;1
Domino's Pizza LLC;0
J.P. Morgan Chase & Co.;0
Fort Charles;1
Kendrick Alex;1
Hofstadter Richard;1
Tocqueville Alexis de;1
Amtran, Inc.;0
UnumProvident Corporation;0
Coupland Douglas;1
Kerr-McGee Corporation;0
Cadence Design Systems, Inc.;0
Federer Roger;1
Peter Kay;1
CSX Corp.;0
MetLife Inc.;0
Fleetwood Enterprises Inc.;0
Riverwood Holding Inc.;0
FPL Group Inc.;0
Kronrod Alexander;1
Frontier Oil Corp;0
Kelly Services Inc.;0
Lee Stan;1
Idle Eric;1
Shahak Israel;1
Sierra Pacific Resources;0
Eaton Corporation;0
Waradi Taito;1
Milne A.A.;1
Singer Isaac Bashevis;1
Premcor Inc.;0
Jones Norah;1
ACT Manufacturing Inc.;0
Nacco Industries Inc;0
Republic Services Inc;0
Apple Computer, Inc.;0
Kay Alan;1
Johnson Zach;1
Shankar Ravi (Art of Living founder not the sitar maestro);1
Community Health Systems Inc.;0
Tertullian;1
Norfolk Southern Corporation;0
Charles V Holy Roman Emperor;1
Dollar Tree Stores, Inc.;0
Triad Hospitals Inc;0
Phelps Michael;1
Foot Locker Inc;0
Kennedy Robert Francis Jr.;1
Ouspensky P. D.;1
HCA Inc.;0
Affiliated Computer Services, Inc.;0
Staples Inc;0
AMC Entertainment Inc.;0
Georgia Gulf Corporation;0
Braun Carol Moseley;1
Brown Julie;1
Miller Walter M. (Jr.);1
Stewart Information Services Corp;0
Spencer Herbert;1
Ah Koy James;1
Coward Noel;1
Escher M. C.;1
Fields W. C.;1
Murphy Oil Corporation;0
Group 1 Automotive Inc.;0
Benn Tony;1
Finney Albert;1
American Greetings Corporation;0
Kafka Franz;1
Conway Anne;1
Colton Charles Caleb;1
McNair Steve;1
EOG Resources, Inc.;0
Levertov Denise;1
Waqabaca Josaia;1
Bristol-Myers Squibb Company;0
Smith Margaret Chase;1
Codrescu Andrei;1
Canseco José;1
Trinity Industries Inc;0
Crane Dr. Frank;1
Graham Paul;1
The Clorox Co.;0
Forsyth Bruce;1
Theron Charlize;1
Mansfield Katherine;1
McKay Charles;1
Clay Andrew Dice;1
Spherion Corp;0
Transocean Inc;0
Bush George H. W.;1
Bowles Paul;1
Magellan Health Services Inc.;0
United Stationers Inc;0
Descartes René;1
Madonna see Ciccone Madonna;1
Satriani Joe;1
Tate Sharon;1
Liddy G. Gordon;1
State Street Corp.;0
Giacometti Alberto;1
Cather Willa;1
Jackson Michael;1
Irvine Eddie;1
"Martin Judith ""Miss Manners""";1
Airborne, Inc.;0
Polo Ralph Lauren Corp;0
Tecumseh;1
Heschel Abraham Joshua;1
Hartford Financial Services Group Inc.;0
Herzog Werner;1
Sara Lee Corp;0
Romano Ray;1
Dover Corporation, Inc.;0
Denham John;1
Earthlink, Inc.;0
Kimberly-Clark Corporation;0
Madraiwiwi Ratu Joni;1
"Hall Evelyn Beatrice (also known by pseudonym ""Stephen G. Tallentyre"")";1
Mayweather Floyd Jr.;1
Vectren Corporation;0
Fluor Corp;0
Pall Corp;0
DeGeneres Ellen;1
Osama bin Laden;1
DaVita Inc.;0
Garland Judy;1
Crane Co.;0
PNC Financial Services Group Inc.;0
Blakey Art;1
La-Z-Boy Inc.;0
Bo;1
GreenPoint Financial Corp.;0
James Kevin;1
Martin Demetri;1
Turtledove Harry;1
Kempton Murray;1
Jarrell Randall;1
Johnson Susan (Australian);1
"Cole Nat ""King""";1
Reebok International Ltd.;0
Merrick Joseph;1
Devon Energy Corporation;0
Enron Corp.;0
Rock-Tenn Co;0
Heisenberg Werner;1
Applied Materials, Inc.;0
Kennedy Lisa;1
Adorno Theodor;1
Abrams Creighton;1
Pynchon Thomas;1
Rehnquist William;1
Swedenborg Emanuel;1
Eastman Kodak Company;0
Turner Ted;1
Humboldt Wilhelm von;1
McGoohan Patrick;1
Solectron Corp;0
United Parcel Service Inc;0
Pericles;1
Sun Microsystems Inc.;0
Lessig Lawrence;1
Monroe Marilyn;1
Arafat Yasser;1
Shinoda Mike;1
PolyOne Corp;0
Khalilzad Zalmay;1
Packaging Corp. of America;0
Xcel Energy Inc;0
Advanced Micro Devices, Inc.;0
Elliot Cass;1
Arp Hans;1
Ziglar Zig;1
Cross David;1
BB&T Corporation;0
Trollope Anthony;1
Shelley Mary Wollstonecraft;1
Richards Keith;1
Disney Walt;1
PPL Corp;0
Wyndham International Inc;0
Harrison George;1
Texas Instruments Incorporated;0
Khan Nusrat Fateh Ali;1
Equity Office Properties Trust;0
Stephenson Neal;1
Comverse Technology Inc.;0
Pasteur Louis;1
Caremark Rx Inc.;0
Burlington Resources Inc.;0
Flowers Foods Inc.;0
Maroulis Constantine;1
Huygens Christian;1
Lon Chaney Sr.;1
Martin Marietta Materials Inc.;0
Addison Joseph;1
Pentair Inc;0
Lennon John;1
Krishnamurti Jiddu;1
Stone I. F.;1
Allen Agnes;1
Sports Authority Inc;0
Lyondell Chemical Company;0
Bryan William Jennings;1
Abagnale Frank;1
Petco Animal Supplies Inc.;0
Dean James;1
Sedaris David;1
Pulte Homes Inc;0
Locke John;1
Penn William;1
Acton John (Lord Acton);1
Hicks Dan;1
Jacobs Engineering Group Inc.;0
Synovus Financial Corp.;0
Curie Marie;1
Williams Robin;1
Stoppard Tom;1
Bowater Incorporated;0
Gary Romain;1
Lao Tzu;1
El Paso Corporation;0
Melville Herman;1
Trigon Healthcare Inc.;0
Convergys Corp.;0
Porson Richard;1
Houdini Harry;1
Augustine Norman Ralph;1
Aiken Clay;1
AMR Corporation;0
Douglass David;1
Medved Michael;1
TruServ Corporation;0
Tenneco Automotive Inc.;0
AdvancePCS, Inc.;0
W.R. Berkley Corporation;0
Ferron Marcelle;1
Boutroux Pierre;1
Salinger J. D.;1
Parker Hannifin Corp.;0
Macdonald George;1
PPG Industries Inc;0
Warren Earl;1
Dornfest Rael;1
Safeway Inc;0
Evans;1
Sterling Bruce;1
Idacorp Inc.;0
Harrah's Entertainment Inc.;0
R.R. Donnelley & Sons Company;0
Bathgate Andy;1
Degas Edgar;1
Edison International;0
Mann Thomas;1
Cooper Diana (Lady Diana Manners);1
Laitman Michael;1
Maathai Wangari;1
Forbes Malcolm;1
Rickover Hyman G.;1
Bryant William Cullen;1
Crisp Quentin;1
Goldsworthy Andy;1
SPX Corp;0
Torvalds Linus;1
Disney Roy O.;1
Tennyson Alfred (Lord);1
ServiceMaster Co;0
Sabre Holdings Corp;0
Hesiod;1
Wainwright Rufus;1
Burnham Frederick Russell;1
Palme Olof;1
Wodehouse P. G.;1
Kraus Karl;1
Hibernia Corp.;0
Yorke Thom;1
Affleck Ben;1
Berlin Irving;1
Goodrich Corporation;0
Dhavernas Caroline;1
Ponsonby Arthur;1
Ingram Micro Inc.;0
Brothers Dr. Joyce;1
Jeter Derek;1
Linens 'n Things Inc.;0
Quintiles Transnational;0
Cage John;1
Welch Jack;1
Bethlehem Steel Corporation;0
SunTrust Banks Inc;0
Punja Hari;1
Ranke Leopold von;1
Bemis Company, Inc.;0
Plato;1
American Standard Companies Inc.;0
Henry Schein Inc.;0
Yoshida Takeo;1
Roy Arundhati;1
Murrow Edward R.;1
Jordan Sandra;1
Nucor Corp;0
Jenner Henry;1
Cooper Tire & Rubber Co.;0
Gauguin Paul;1
Goldwyn Samuel;1
Hazlitt William;1
Providian Financial Corp.;0
U.S. Bancorp;0
Shakespeare William;1
Giuliani Rudy;1
Monheit Jane;1
Howell James;1
CH2M Hill Cos. Ltd.;0
Chuang Chou;1
Mannheim Karl;1
Strauss Richard;1
Teradyne Inc;0
Lewis C. S.;1
Seabrook Jeremy;1
Gentek Inc.;0
Xilinx Inc;0
Ebert Roger;1
Philip Morris Companies Inc.;0
TravelCenters of America Inc.;0
Kingsley Charles;1
TJX Companies Inc;0
Morrison Robert;1
Air Products and Chemicals, Inc.;0
Lanne Jack La;1
Tagore Rabindranath;1
Gergen David;1
Reliant Energy Inc.;0
Loews Corporation;0
Nicor Inc;0
Barry Dave;1
Christie Agatha;1
Updike John;1
Demosthenes;1
Courtney Margaret;1
Dee Jack;1
Havel Václav;1
Von Karman Theodore;1
Beddoes Mick;1
Kinsey Alfred;1
Clausewitz Karl von;1
Ingles Market Inc;0
Principal Financial Group Inc.;0
Katz Jonathan;1
CDI Corp.;0
Fielding Henry;1
Aquila, Inc.;0
SLM Corporation;0
Faulkner William;1
Whedon Joss;1
Koya Sidiq;1
Channing William Ellery;1
Onassis Jacqueline Kennedy;1
Coulter Ann;1
Caesar Julius;1
Briggs & Stratton Corporation;0
Day Carl;1
Casals Pablo;1
Dollar General Corporation;0
Ruiz Don Miguel;1
Woolf Virginia;1
Kerry John;1
O'Reilly Bill;1
Fey Tina;1
Frederick II of Prussia;1
Rommel Erwin;1
Peoples Energy Corp.;0
Grass Günter;1
Damon Johnny;1
Goya Francisco;1
Gassée Jean-Louis;1
More St. Thomas;1
Rogers Fred;1
Card Orson Scott;1
Anthony Susan B.;1
Baba Tupeni;1
Valero Energy Corporation;0
Alcott Louisa May;1
The Bank of New York Company, Inc.;0
Emerson Ralph Waldo;1
Chatwin Bruce;1
Aristotle;1
Young Neil;1
Baxter International Inc.;0
Weatherford International Inc;0
Textron Inc;0
Ballmer Steve;1
Hamilton Laurell K.;1
Holt Anatol;1
Public Service Enterprise Group Inc.;0
Bullock Sandra;1
Willamette Industries Inc.;0
Qualcomm Inc;0
Rent A Center Inc;0
Whittier John Greenleaf;1
Browning Elizabeth Barrett;1
Smurfit-Stone Container Corp;0
Bank of America Corporation;0
Lehman Brothers Holdings Inc.;0
Gannett Co., Inc.;0
Lebowitz Fran;1
Speijk Jan van;1
USG Corporation;0
Richelieu Cardinal;1
Atmos Energy Corporation;0
Cinergy Corp.;0
Jarrett Jeff;1
Johnson Controls Inc.;0
Darwin Charles;1
Zappa Frank;1
Mariner Health Care Inc.;0
Sonoco Products Co.;0
Tudor John;1
Hoffman Abbie;1
Kelvin Lord;1
Kennedy Robert;1
Fish Michael;1
Saroyan William;1
Dean Howard;1
McCarthy Mary;1
NiSource Inc;0
Terex Corp;0
Morgenstern Christian;1
BellSouth Corporation;0
Countrywide Credit Industries Inc.;0
Value City Department Stores Inc;0
Peel John;1
Hyles Jack;1
Bush George W.;1
Cincinnati Financial Corp.;0
Norton Joshua Abraham;1
UGI Corporation;0
Stilwell Financial Inc;0
Kennedy Robert F.;1
Riley Tim;1
Mataca Petero;1
Hess Karl;1
Gaiman Neil;1
W.R. Grace & Co;0
Ferguson Adam;1
Toll Brothers Inc;0
Sonic Automotive Inc.;0
Jay Glenn Miner;1
Kotok Alan;1
Rohm & Haas Co.;0
Keillor Garrison;1
Muhammad Holy Prophet;1
Boswell James;1
Hickenbottom Michael;1
Simpson Jessica;1
Brando Marlon;1
Stalin Joseph;1
BJ's Wholesale Club, Inc.;0
Hutton James;1
Kübler-Ross Elisabeth;1
Fisher Carrie;1
Tyson Foods Inc;0
La Bruyère Jean de;1
Sears Roebuck & Co;0
Fatiaki Daniel;1
Byrd Richard E.;1
Benson Leana;1
Andrians Aiven;1
Valenti Jack;1
Bohm David;1
Snap-On Inc;0
Tyger Frank;1
Metris Companies Inc;0
Starrett Vincent;1
Northern Trust Corporation;0
Lau Charley;1
Caesar Irving;1
SunGard Data Systems Inc.;0
Bethea Erin;1
Barlow John Perry;1
Arslan Alp;1
Gallup George;1
Dirksen Everett;1
Rovabokola Ratu Viliame;1
Maxim Integrated Products Inc.;0
Zinn Howard;1
Davis Miles;1
Bed Bath & Beyond Inc.;0
Federal Express Corp.;0
CDW Computer Centers Inc.;0
Baruch Bernard;1
Laurer Joanie;1
Landers Ann;1
Joubert Joseph;1
Salk Jonas;1
Genet Jean;1
JDS Uniphase Corp.;0
The May Department Stores Company;0
Homer;1
Simak Clifford D.;1
Ryder System Inc;0
Dickens Charles;1
Flaubert Gustave;1
Sidhu Navjot Singh;1
Jung Carl;1
Burnett Carol;1
Stevenson Adlai;1
Kalidas;1
Visteon Corporation;0
Premchand Munshi;1
Avaya Inc.;0
Cablevision Systems Corp;0
Pet Shop Boys (Neil Tennant and Chris Lowe);1
Anthem, Inc.;0
Clark Wesley;1
Nelson Hailey Anne;1
Watts Alan;1
Gaye Marvin;1
EMC Corporation;0
Joan of Arc;1
Carter Jimmy;1
Stanley Works;0
Newhart Bob;1
Wright Frank Lloyd;1
Carter Elliott;1
AnnTaylor Inc.;0
Ford Motor Co;0
Estefan Gloria;1
Webster Daniel;1
Marshall & Ilsley Corporation;0
Huntington Bancshares Inc.;0
Bachelard Gaston;1
Abercrombie & Fitch Co.;0
Manson Marilyn;1
Performance Food Group Co.;0
Manchester William;1
Khayyam Omar;1
Lardner Ring;1
Garfield James A.;1
Ezrin Bob;1
Gephardt Dick;1
Chubb Corp;0
Douglas Donald;1
Newmont Mining Corporation;0
Walter Industries Inc;0
Millennium Chemicals Inc.;0
Stimson Henry L.;1
Vixie Paul;1
Niemöller Martin;1
Tenzin Gyatso (14th Dalai Lama);1
Felcor Lodging Trust Inc.;0
KLA-Tencor Corporation;0
Smith Sydney;1
KB Home;0
Newton John;1
Powell Colin;1
Jueneman Frederic;1
Momoedonu Tevita;1
Vaughan Norman D.;1
Hopper Edward;1
Neruda Pablo;1
Avista Corporation;0
Byrd Robert;1
Lowe's Companies Inc.;0
Smirnoff Yakov;1
Stravinsky Igor;1
Carson Rachel;1
Adams Resources & Energy, Inc.;0
Gilmore John;1
Dalai Lama;1
Spinoza Baruch;1
Corn Products International Inc.;0
Old Republic International Corp.;0
Hague Frank;1
Henderson Rickey;1
Pantry Inc;0
Horace;1
Daniel Samuel;1
Smith Anna Nicole;1
Prudential Financial Inc.;0
Cunningham Ward;1
Del Monte Foods Co;0
Lenin Vladimir;1
Favre Brett;1
Warhol Andy;1
Boorstin Daniel J.;1
Timken Company;0
Cato the Elder;1
William of Occam;1
VF Corporation;0
Gap Inc.;0
Raajan Amitrajit;1
Armstrong Louis;1
Nagel Thomas;1
Hutchinson Thomas;1
Broyard Anatole;1
Phelps Dodge Corp.;0
Cecil Robert (1st Viscount Cecil of Chelwood);1
Harris Corp.;0
Petronius Gaius;1
Wilson Colin;1
Ingersoll Robert G.;1
Lamb Charles;1
Universal Health Services Inc;0
Cigna Corp;0
Hercules Inc.;0
American Axle & Manufacturing Holdings, Inc.;0
Viasystems Group Inc;0
Ashe Arthur;1
Kerouac Jack;1
Mandela Nelson;1
Miyamoto Shigeru;1
Steelcase Inc;0
Czar Nicholas II;1
Begin Menachem;1
Hossein Elahi Ghomshei;1
LeMay Curtis;1
Herman Miller Inc.;0
International Flavors & Fragrances Inc.;0
Ravuvu Asesela;1
Ingelow Jean;1
Black Hills Corporation;0
Marx Groucho;1
Austin Alfred;1
Sturgeon Theodore;1
PacifiCare Health Systems Inc;0
Groban Josh;1
Dostoevsky Fyodor;1
Bakhtiari Marjaney;1
Mattel Inc.;0
Maupassant Guy de;1
Bruno Giordano;1
Cobain Kurt Donald;1
Toynbee Arnold Joseph;1
Bossidy John Collins;1
Dutton Denis;1
Snepscheut Jan L. A. van de;1
Presley Elvis;1
Bradbury Ray;1
Leggett & Platt Inc.;0
Best Buy Co., Inc.;0
Rabin Yitzhak;1
Haig Alexander;1
Collins Tim;1
Jesus Christ;1
Garner Helen;1
Bartholin Thomas V.;1
Ginott Haim;1
Chaucer Geoffrey;1
Bush John Carder;1
Berard Edward V.;1
Valéry Paul;1
Southern Company;0
The Bear Stearns Companies Inc.;0
Mercury Freddie;1
Ali ibn Abi Talib;1
Baker Russell;1
Joyce James;1
Hugo Victor;1
Djilas Milovan;1
Veritas Software Corporation;0
Armstrong Edwin;1
Thackeray William Makepeace;1
Newton Isaac;1
GATX Corporation;0
Conectiv, Inc;0
Bevan Aneurin;1
PepsiCo Inc.;0
E*Trade Group, Inc.;0
Daly Carson;1
Novellus Systems Inc;0
Barkley Charles;1
Desmond Paul;1
Halliburton Richard;1
Smuts Jan Christiaan;1
Wright Wilbur;1
Snoop Dogg (Calvin Cordozar Broadus);1
Rumsfeld Donald;1
Arrow Electronics, Inc.;0
Science Applications Intl. Inc.;0
Spartan Stores Inc;0
Runnels Dustin;1
Elliot Jim;1
Ciena Corp.;0
Angell Norman;1
Gould Stephen Jay;1
Kellner Friedrich;1
Lennar Corporation;0
Heine Heinrich;1
Saul John Ralston;1
Soong May-ling;1
Picasso Pablo;1
Spurgeon Charles Haddon;1
Kuriyama Chiaki;1
McFee William;1
Wilcox Ella Wheeler;1
Swift Jonathan;1
Mussolini Benito;1
Chevalier Maurice;1
Burroughs William S.;1
Xerox Corp;0
Gabor Zsa Zsa;1
US Airways Group Inc;0
Hernández Julián;1
Hope Bob;1
Hattersley Roy;1
Thompson Hunter S.;1
Viacom Inc;0
Zawinski Jamie;1
Ford Gerald;1
Biondo Frank;1
Botha Pik;1
Wilkes Maurice;1
Shaw Group Inc;0
Lévi-Strauss Claude;1
Taleb Nassim Nicholas;1
Malory Thomas;1
Audette Derek R.;1
Aaron Hank;1
Dean Foods Company;0
National Oilwell Inc;0
Sawyer Diane;1
Churchill Sarah (Duchess of Marlborough);1
Fitzgerald F. Scott;1
Cintas Corp.;0
Barclay William;1
Heindel Max;1
Werner Enterprises Inc;0
Chiquita Brands International Inc.;0
Torchmark Corporation;0
Comerica Inc.;0
Socrates;1
Khan Shahrukh;1
Havok Davey;1
McClary Susan;1
Moore Alan;1
Southwest Airlines Co;0
Ashland Inc.;0
Buddha Gautama;1
Bancroft Anne;1
Mayfield Curtis;1
O'Rourke P. J.;1
Whole Foods Market Inc;0
Reliance Steel & Aluminum Co.;0
Popper Karl;1
Gandhi Indira;1
Attali Jacques;1
The Neiman Marcus Group Inc.;0
Allee W. C.;1
Sade Donatien de;1
Kay Ken;1
Abourezk James;1
Bastiat Frédéric;1
Tugia Manasa;1
Diana Princess of Wales;1
AGCO Corporation;0
Cohen Richard;1
Alberto-Culver Company;0
Sinclair Upton;1
Twain Mark;1
Amerada Hess Corporation;0
General Dynamics Corporation;0
Allen Fred;1
Proudhon P. J.;1
Hitchens Christopher;1
Dyke Henry van;1
Manor Care Inc.;0
Jabil Circuit Inc.;0
Kahlo Frida;1
Br;1
Perry Michael D.;1
Baba Meher;1
Stout Rex;1
Potomac Electric Power Co.;0
Yellow Corporation;0
Tilopa;1
Ivax Corp.;0
Morrison Jim;1
BorgWarner Inc.;0
Osho (also known as Bhagwan Shree Rajneesh);1
Sovereign Bancorp Inc.;0
Clark Frank A.;1
Roosevelt Theodore;1
Hart Lorenz;1
Leno Jay;1
Guevara Ernesto 'Che';1
Hatshepsut;1
Landor Walter Savage;1
Engelhard Corporation;0
Horning Jim;1
Douglas Tommy;1
Ruth Babe;1
Chappelle Dave;1
American Power Conversion Corporation;0
Rogers Will;1
Sanmina-SCI Inc;0
Edison Thomas Alva;1
Benenson Peter;1
Bacevich Andrew;1
Frank Anne;1
Kellwood Company;0
Warner Harold;1
Lucent Technologies Inc.;0
Greeley Horace;1
McMahon Vince;1
Hein Piet;1
Corea Chick;1
Wellesley Arthur;1
DQE Inc.;0
Fortune Brands Inc.;0
Lee Ang;1
Jensen Hayley;1
Genesis Health Ventures Inc.;0
C. H. Robinson Worldwide Inc.;0
Astoria Financial Corporation;0
Vidal Gore;1
Suvorov Alexander Vasilyevich;1
James William;1
Kripke Saul;1
Bonhoeffer Dietrich;1
Starbucks Corp;0
Edward VII King of England;1
Keaton Buster;1
Jensen Derrick;1
Amkor Technology, Inc.;0
Thomas & Betts Corporation;0
McCarthy Joseph;1
Morris Errol;1
Southwest Gas Corp;0
Kruth Ernst;1
Russell Rosaland;1
Merck & Co., Inc.;0
Wallace David Foster;1
Schulberg Budd;1
Health Management Associates Inc.;0
Dial Corporation;0
Putin Vladimir;1
Storage Technology Corporation;0
Berra Yogi;1
Amazon.com, Inc.;0
Cohen Nick;1
Pauli Wolfgang;1
Stein Gertrude;1
Brutus Marcus Junius;1
Camus Albert;1
United Rentals Inc;0
Darrow Clarence;1
Chamfort;1
Puget Jade;1
Halas George;1
Shopko Stores Inc;0
Cheever John;1
Levi Strauss & Co.;0
Tora Apisai;1
Scanderbeg|Skenderbeu(The prince of Arberia);1
Wiesel Elie;1
Alfven Hannes;1
Knight-Ridder Inc.;0
Computer Associates International Inc.;0
IKON Office Solutions Inc.;0
Rukeyser Louis;1
Bean Roy;1
Reagan Ronald;1
Lernoux Penny;1
Ahmad;1
Interpublic Group of Companies Inc.;0
Sappho;1
Serling Rod;1
H.J. Heinz Company;0
Bush Vannevar;1
MacArthur Douglas;1
Schopenhauer Arthur;1
Western Gas Resources Inc;0
Kapell William;1
Emcor Group Inc.;0
Nachman Rabbi of Bratzlav;1
Russell Nipsey;1
Mitchell Joni;1
Ellison Harlan;1
Gibbon Edward;1
Comcast Corp.;0
Adams Henry;1
Hannity Sean;1
Benchmark Electronics, Inc.;0
Clark Ramsey;1
Kipling Rudyard;1
Pessoa Fernando;1
Bojaxhi Agnes Gonxha (Mother Teresa);1
Columbus Christopher;1
Vonnegut Kurt;1
FirstEnergy Corp.;0
Sheridan Richard Brinsley;1
Godwin Earl of Wessex;1
Conseco Inc.;0
Teleflex Incorporated;0
Graham Lindsey;1
Euripides;1
Sweetnam Skye;1
Consolidated Edison Inc.;0
WestPoint Stevens Inc;0
Wellstone Paul;1
RPM Inc.;0
Nabors Industries Inc;0
Hoffman Jessica;1
Hepburn Katherine;1
O'Keeffe Georgia;1
Koontz Dean R.;1
Bose Subhash Chandra;1
Mustaine Dave;1
Host Marriott Corp.;0
Greer Germaine;1
Charter Communications Inc.;0
Joshi Kedar;1
Cervantes Miguel de;1
CellStar Corp.;0
Lucas George;1
Home Depot Inc.;0
"Margera Brandon ""Bam""";1
Bellow Saul;1
Progress Energy Inc;0
Rae Pramod;1
Firestone Shulamith;1
Beaumont and Fletcher;1
Cochran Johnnie;1
Allen James;1
The Alpine Group, Inc.;0
Null Gary;1
White Andrew Dickson;1
Bowles Chester;1
Freund Peter;1
Gwanghae-gun of Joseon;1
Aon Corporation;0
Tribune Company;0
Equitable Resources Inc.;0
Cherryh C. J.;1
Barnes & Noble, Inc.;0
al-Sadr Muqtada;1
Maytag Corporation;0
Badiou Alain;1
Buckles Frank;1
Mary I of England;1
Cho Margaret;1
Fidelity National Financial Inc.;0
Protective Life Corp;0
Henry O.;1
W.W. Grainger Inc;0
Massey Energy Company;0
Allergan, Inc.;0
Nixon Richard;1
Medtronic Inc.;0
Babbitt Milton;1
Aetna Inc.;0
Warren Robert Penn;1
Shevardnadze Eduard;1
Carroll Tom;1
Fiszer Franciszek;1
Lichtenberg Georg Christoph;1
Oberst Conor;1
Frostrup Mariella;1
Robinson Spider;1
Pompey the Great;1
Shirley James;1
Pope Alexander;1
Lawler Jerry;1
Freeport McMoran Copper & Gold Inc.;0
Dickson Leonard Eugene;1
Bacon Francis;1
Bell Microproducts Inc.;0
New York Times Company;0
Eli Lilly and Company;0
